{
	"info": {
		"_postman_id": "56e5e214-73e7-4f02-96a8-a584a287b7d6",
		"name": "Assessment Project Postman Collection",
		"schema": "https://schema.getpostman.com/json/collection/v2.1.0/collection.json",
		"_exporter_id": "30603707"
	},
	"item": [
		{
			"name": "http://localhost:8080/assesmentproject/v1/auth/authenticate",
			"request": {
				"method": "POST",
				"header": [],
				"body": {
					"mode": "raw",
					"raw": "{\r\n    \"username\":\"Faizan\",\r\n    \"password\":\"123\"\r\n}",
					"options": {
						"raw": {
							"language": "json"
						}
					}
				},
				"url": {
					"raw": "http://localhost:8080/assesmentproject/v1/auth/authenticate",
					"protocol": "http",
					"host": [
						"localhost"
					],
					"port": "8080",
					"path": [
						"assesmentproject",
						"v1",
						"auth",
						"authenticate"
					]
				}
			},
			"response": []
		},
		{
			"name": "http://localhost:8080/assesmentproject/users/getallusers",
			"request": {
				"auth": {
					"type": "bearer",
					"bearer": [
						{
							"key": "token",
							"value": "eyJhbGciOiJIUzI1NiJ9.eyJzdWIiOiJGYWl6YW4iLCJpYXQiOjE3MjE5MTM5MzYsImV4cCI6MTcyMTk0NjMzNn0.BEuIQY629PHItN4v23AbFPW0IGxyvP_VSEQloXRM8jk",
							"type": "string"
						}
					]
				},
				"method": "GET",
				"header": [],
				"url": {
					"raw": "http://localhost:8080/assesmentproject/users/getallusers",
					"protocol": "http",
					"host": [
						"localhost"
					],
					"port": "8080",
					"path": [
						"assesmentproject",
						"users",
						"getallusers"
					]
				}
			},
			"response": []
		},
		{
			"name": "http://localhost:8080/assesmentproject/users/gettheposts",
			"protocolProfileBehavior": {
				"disableBodyPruning": true
			},
			"request": {
				"auth": {
					"type": "bearer",
					"bearer": [
						{
							"key": "token",
							"value": "eyJhbGciOiJIUzI1NiJ9.eyJzdWIiOiJGYWl6YW4iLCJpYXQiOjE3MjE5MTM5MzYsImV4cCI6MTcyMTk0NjMzNn0.BEuIQY629PHItN4v23AbFPW0IGxyvP_VSEQloXRM8jk",
							"type": "string"
						}
					]
				},
				"method": "GET",
				"header": [],
				"body": {
					"mode": "raw",
					"raw": "",
					"options": {
						"raw": {
							"language": "json"
						}
					}
				},
				"url": {
					"raw": "http://localhost:8080/assesmentproject/users/gettheposts",
					"protocol": "http",
					"host": [
						"localhost"
					],
					"port": "8080",
					"path": [
						"assesmentproject",
						"users",
						"gettheposts"
					]
				}
			},
			"response": []
		},
		{
			"name": "http://localhost:8080/assesmentproject/users/getthecomments",
			"protocolProfileBehavior": {
				"disableBodyPruning": true
			},
			"request": {
				"auth": {
					"type": "bearer",
					"bearer": [
						{
							"key": "token",
							"value": "eyJhbGciOiJIUzI1NiJ9.eyJzdWIiOiJGYWl6YW4iLCJpYXQiOjE3MjE5MTM5MzYsImV4cCI6MTcyMTk0NjMzNn0.BEuIQY629PHItN4v23AbFPW0IGxyvP_VSEQloXRM8jk",
							"type": "string"
						}
					]
				},
				"method": "GET",
				"header": [],
				"body": {
					"mode": "raw",
					"raw": "",
					"options": {
						"raw": {
							"language": "json"
						}
					}
				},
				"url": {
					"raw": "http://localhost:8080/assesmentproject/users/getthecomments",
					"protocol": "http",
					"host": [
						"localhost"
					],
					"port": "8080",
					"path": [
						"assesmentproject",
						"users",
						"getthecomments"
					]
				}
			},
			"response": []
		}
	]
}